{
  "status": "completed",
  "matrix_seconds": [
    0.061627709001186304,
    0.06104975000198465,
    0.06113391600229079
  ],
  "formula_seconds": [
    0.06816925000021001,
    0.06735870800184784,
    0.06711479099612916
  ],
  "matrix_median_seconds": 0.06113391600229079,
  "formula_median_seconds": 0.06735870800184784,
  "formula_overhead_seconds": 0.0062247919995570555,
  "formula_matrix_ratio": 1.1018222356199756,
  "matrix_logLik": -1351.3064334037622,
  "formula_logLik": -1351.3064334037622,
  "absolute_logLik_difference": 0.0,
  "max_coefficient_absolute_difference": 0.0,
  "python_version": "3.14.5 (main, May 10 2026, 10:21:34) [Clang 21.0.0 (clang-2100.0.123.102)]",
  "pyabundance_version": "1.0.0rc1",
  "platform": "macOS-26.5.1-arm64-arm-64bit-Mach-O",
  "dataset": {
    "n_sites": 500,
    "n_visits": 3,
    "K": 60,
    "repetitions": 3
  }
}
