{
  "status": "completed",
  "logLik": -1351.3064334037622,
  "coefficients": [
    0.16932200691111493,
    0.6434355276093844,
    -0.7982704891360907,
    -0.07723376228425628,
    0.5576076670497169
  ],
  "standard_errors": [
    0.06088239053905763,
    0.040995719321373934,
    0.10099000403925329,
    0.10985096491331223,
    0.14027902338059048
  ],
  "coefficient_names": [
    "abundance[0]",
    "abundance[1]",
    "detection[0]",
    "detection[1]",
    "detection[2]"
  ],
  "covariance_diagnostics": {
    "available": true,
    "method": "bfgs",
    "finite": true,
    "symmetric": true,
    "positive_diagonal": true,
    "minimum_eigenvalue": 0.0008830570966075283,
    "maximum_eigenvalue": 0.03167095938938415,
    "condition_number": 35.8651320634369,
    "pseudo_inverse_used": false,
    "warnings": []
  },
  "python_version": "3.14.5 (main, May 10 2026, 10:21:34) [Clang 21.0.0 (clang-2100.0.123.102)]",
  "platform": "macOS-26.5.1-arm64-arm-64bit-Mach-O",
  "dataset": {
    "n_sites": 500,
    "n_visits": 3,
    "K": 60
  }
}
