{
  "status": "completed",
  "matrix_seconds": [
    0.061350750002020504,
    0.06086733399934019,
    0.06091716599985375
  ],
  "formula_seconds": [
    0.06763666700135218,
    0.06675962500230526,
    0.06799516699902597
  ],
  "matrix_median_seconds": 0.06091716599985375,
  "formula_median_seconds": 0.06763666700135218,
  "formula_overhead_seconds": 0.006719501001498429,
  "formula_matrix_ratio": 1.1103055418158252,
  "matrix_logLik": -1351.3064334037622,
  "formula_logLik": -1351.3064334037622,
  "absolute_logLik_difference": 0.0,
  "max_coefficient_absolute_difference": 0.0,
  "python_version": "3.14.5 (main, May 10 2026, 10:21:34) [Clang 21.0.0 (clang-2100.0.123.102)]",
  "pyabundance_version": "0.9.0",
  "platform": "macOS-26.5.1-arm64-arm-64bit-Mach-O",
  "dataset": {
    "n_sites": 500,
    "n_visits": 3,
    "K": 60,
    "repetitions": 3
  }
}
