{
  "status": "completed",
  "models": {
    "poisson": {
      "model": "Poisson",
      "status": "completed",
      "posterior_matrix_seconds": 0.001551083998492686,
      "summary_seconds": 0.0043669579972629435,
      "sampling_seconds": 0.011671624997688923,
      "total_abundance_seconds": 0.011607374999584863,
      "posterior_matrix_shape": [
        500,
        61
      ],
      "row_sum_max_error": 3.3306690738754696e-16,
      "summary_rows": 500,
      "samples_shape": [
        1000,
        500
      ],
      "total_mean": 728.114,
      "total_lower": 705.0,
      "total_upper": 754.0
    },
    "negative_binomial": {
      "model": "Negative-binomial",
      "status": "completed",
      "posterior_matrix_seconds": 0.004030042000522371,
      "summary_seconds": 0.006900166998093482,
      "sampling_seconds": 0.014092416000494268,
      "total_abundance_seconds": 0.014417416001379024,
      "posterior_matrix_shape": [
        500,
        101
      ],
      "row_sum_max_error": 2.220446049250313e-16,
      "summary_rows": 500,
      "samples_shape": [
        1000,
        500
      ],
      "total_mean": 778.204,
      "total_lower": 751.0,
      "total_upper": 808.0
    },
    "zero_inflated_poisson": {
      "model": "Zero-inflated Poisson",
      "status": "completed",
      "posterior_matrix_seconds": 0.002737792001425987,
      "summary_seconds": 0.005537207998713711,
      "sampling_seconds": 0.012731667000480229,
      "total_abundance_seconds": 0.012688541999523295,
      "posterior_matrix_shape": [
        500,
        101
      ],
      "row_sum_max_error": 3.3306690738754696e-16,
      "summary_rows": 500,
      "samples_shape": [
        1000,
        500
      ],
      "total_mean": 587.509,
      "total_lower": 567.0,
      "total_upper": 609.0
    }
  }
}
