{
  "status": "completed",
  "logLik": -1351.3064334053538,
  "posterior_means": [ 0.080856168340718515,  3.446637104937728235,  2.171762880136534513,  1.081496764220678086,  0.069145592161354491,  3.405620725063921661,  2.519014340542036656,  1.144565541885307125,  0.077545370423686213,  0.150461651281499631,  2.587655538820563539,  1.545445536497992656,  1.211226013553559078,  2.600869594993968636,  2.096461393876873025,  0.071089591613591241,  3.175303668180483818,  0.051643598847253995,  1.107379587604323756,  1.379991546010532533,  1.111885799818394194,  2.579539822308043018,  0.086596967478904538,  0.051159536931647466,  0.091860681853110790,  0.124240013604326460,  1.291315272801443870,  1.241857046617793614,  1.504668116159551650,  1.275700936082670767,  0.159139235958498604,  2.514548680998031749,  2.899919243102147881,  2.276262772270746915,  1.407260203231183171,  1.154723457728664693,  2.294567585398004983,  2.347634643496445683,  3.634380782867249859,  1.164631685980100917,  1.207635614869058349,  1.312489239888868786,  1.195258934840728759,  0.042497273210675597,  1.454861117177490559,  1.356780015274789974,  1.047358616872363202,  1.168768844110737337,  2.228370022816693830,  0.165123153498194092,  1.108700225738163070,  0.072807204705956433,  0.151730173867147072,  6.592667134849763855,  0.058410503695458339,  2.302816138210542096,  1.241626025199618732,  1.256912058044853175,  3.150995630885074394,  3.527158720069674569,  1.335851551232736023,  0.029256564609929630,  0.108961003136943360,  2.181552099171557568,  0.143340765523416819,  1.140265456998194260,  1.105614964288415214,  1.247675905188631251,  2.371213769291217410,  0.211478119153390848,  3.224840154579222240,  0.182819673506059127,  0.111975831317399313,  3.389622625013056112,  0.082848912039141506,  0.060582572821019046,  1.332737979650529203,  3.292516924966782277,  0.037961068989219950,  1.344971517178543241,  0.292386514812168374,  1.178265429556297095,  0.271989557594283227,  4.020690071327382320,  1.141936540521498511,  3.511969828267618610,  0.057219481804074740,  0.237091536546212150,  0.045808074574408941,  2.438702338169456585,  0.287558405593990762,  2.436574723834384226,  0.179398026098390589, 10.668328339733516685,  0.048885477226998451,  2.336310596542791274,  2.278756594699223204,  2.292646494034419558,  1.155816156098252501,  2.727029889135128116,  0.048526380904559754,  0.210884992143333921,  2.872533535927368042,  2.117943122148271851,  1.231487309022183174,  0.181836340024464083,  1.334612051614722406,  2.187678744829879118,  1.154347474547837704,  2.380585770620233799,  2.393298591334972247,  3.227384457546480512,  1.044520783241211559,  0.079823411288335949,  1.129105857068919194,  2.219702054498342125,  1.569958312880564311,  0.112543118530964950,  0.107261614264748006,  1.079223353204505909,  1.690155164124946374,  0.161396378725724238,  1.116955971502544331,  2.547710674986567003,  3.288458435762762644,  0.118633129254482245,  0.157157213581555905,  2.102468072775186325,  1.159548620689548448,  0.192892688131503981,  4.790011983268938955,  1.186639168862759997,  0.067197438408362745,  1.208696005698379539,  2.292737405777638404,  4.593074450616513538,  0.050580931037599537,  2.171790059951757446,  2.119727806370991452,  2.496316258945772137,  1.395392723029723170,  7.619417878305712044,  1.310853849554982631,  1.138985435573615757,  0.170480634813843041,  1.128017923935524136,  1.117355009606276317,  2.386611798526841355,  1.113400446392503573,  2.862032278388353834,  2.391656931654446261,  0.205886610889143673,  0.233688170595258343,  0.087243203962237406,  1.204645013406432152,  0.117576467470045992,  0.078146186810220231,  0.151583064657852928,  1.167075597441263657,  2.201892750618147154,  0.192012182849490953,  0.101825334232873280,  1.190580415122859170,  1.160215635563801362,  0.084807062275932071,  0.171505227437551144,  0.295348798051221495,  4.129500135945398220,  0.033989522073775334,  2.609609448153747735,  0.101959208844682361,  3.474305967268253692,  0.285957553355806637,  0.153707614890429223,  0.080795508482640610,  2.081274845429218701,  3.748396147256805921,  0.150166591233994312,  1.202612453340020204,  2.249675153737594080,  4.107668578921051861,  0.200257897307229149,  0.170659486277544209,  0.198808817978318897,  2.369038639948392699,  0.135617345617596502,  0.171198490310217305,  0.060926039641945588,  1.231632448591309492,  4.447879013466219611,  0.116084445277258766,  1.130851998603442432,  0.054433368551280850,  3.221928313242290454,  1.655352618986425162,  2.388836947163857083,  0.228228810980008967,  2.158280378503520502,  0.132632085848426340,  3.149949770405930494,  0.168676971511676016,  1.372229413201011550,  1.150150391382980919,  0.119924686938471275,  3.916436380885742530,  1.199554484195721749,  1.113143158002522171,  8.081361002005543526,  2.315360550135426632,  1.113484622652472611,  3.250733841392110968,  0.180625475921527501,  1.308115956664670732,  0.052164792690605082,  1.129836789932040286,  0.132072273314677802,  1.060529639747613828,  2.736981578162929640,  1.207065820132304346,  1.193709012860266094,  1.218114882426131862,  2.301219019713269809,  4.643426104782602870,  2.957956074240491340,  0.089235751633869320,  1.338408252362402129,  0.160284932113192585,  0.068792275847538484,  4.298458012463319378,  0.135931999986891733,  1.095511330374411507,  2.528079247919821970,  2.630765810550875994,  2.742050558270801908,  0.101922996087296325,  0.132862492322858849,  1.181911029214616882,  3.059932990984207457,  5.383249676427864117,  3.281650225200012372,  0.117935715035045324,  1.384227375061214849,  2.118453724698439622,  1.140799693770458756,  0.121827385566069493,  0.104192020204881858,  4.453260335338290687,  0.173296976303793038,  0.224210263595669951,  1.570923579800217684,  1.291372745113633869,  2.180085724515553824,  0.073745305072802428,  0.098206067409269127,  0.113990235530206305,  2.381767036156464901,  3.557077569238963122,  5.186471454545703352,  2.195192102534016865,  0.062013959913535546,  0.179780333808038900,  0.139246848628139158,  0.244792654883797589,  1.620924458255135425,  2.400092812731490888,  0.123953125433552483,  5.657116085633563607,  2.446011463313396472,  1.125370222420713828,  0.099695093806596816,  2.186358609661161800,  0.118138385664679019,  1.790696767025821146,  0.066750876011459695,  2.254491889981989239,  1.135574404902857770,  0.093234215454019484,  2.404776992693196114,  0.206191766846722913,  0.164051882000005006,  1.495869789194553823,  8.605169803816794527,  1.262722168358156871,  0.054307226399216833,  1.230313728926395900,  0.074259890044010304,  0.067911906484034154,  1.140180550822084138,  4.018807121135613336,  2.236077676302115069, 11.172537707552471886,  1.207533970355223474,  3.292744254453691788,  1.071370942844131147,  2.264585585096138498,  0.115713849253298737,  2.773968823654187954,  1.531726326002311067,  1.207480283884271977,  0.079630841448138270,  0.063634618698231810,  0.123686413403139364,  0.069999135682761726,  0.051357986990389737,  3.399631770291206667,  1.128883823482097926,  1.061253789608361364,  0.111728281356228920,  1.379355386986136578,  0.196364502226165305,  0.226559511561653243,  0.208045654654624795,  0.105674850021931055,  0.138595541577705261,  1.164403157690893975,  0.055884707712790034,  3.783901519762295607,  0.109716317316094214,  2.121534743420286695,  0.289333632513165462,  1.147752265164706298,  4.878089789463726511,  1.215894719858196860,  0.083806005367275671,  3.364322470398589893,  0.161665355250501380,  0.152514340615114707,  0.133804742698409973,  1.069052837766467201,  2.160455476771965255,  1.051203628940076795,  0.092162274912099218,  1.159794176103972507,  0.081575393898023846,  0.107546304921446054,  2.289935469033873350,  1.327395330911557370,  1.495500335780281853,  1.246699515770412381,  4.353971848481783979,  5.612377191004299881,  1.548924482000314962,  1.179527600558106126,  3.890138082085168758,  