{
  "status": "completed",
  "seconds": [0.75200000000000000, 0.51899999999999991, 0.49299999999999988],
  "median_seconds": 0.51899999999999991,
  "logLik": -1351.3064334053538,
  "coefficients": [ 0.169320670470928331,  0.643436838740390926, -0.798270780963750926, -0.077237887374798433,  0.557608013567459038],
  "coefficient_names": ["lam(Int)", "lam(x)", "p(visitv1)", "p(visitv2)", "p(visitv3)"],
  "R_version": "R version 4.6.0 (2026-04-24)",
  "unmarked_version": "1.5.1",
  "platform": "aarch64-apple-darwin23",
  "dataset": {"n_sites": 500, "n_visits": 3, "K": 60, "repetitions": 3}
}

