{
  "status": "completed",
  "models": {
    "poisson": {
      "model": "Poisson",
      "status": "completed",
      "posterior_matrix_seconds": 0.0015733330001239665,
      "summary_seconds": 0.006015834002027987,
      "sampling_seconds": 0.011639500000455882,
      "total_abundance_seconds": 0.011599250003200723,
      "posterior_matrix_shape": [
        500,
        61
      ],
      "row_sum_max_error": 3.3306690738754696e-16,
      "summary_rows": 500,
      "samples_shape": [
        1000,
        500
      ],
      "total_mean": 728.114,
      "total_lower": 705.0,
      "total_upper": 754.0
    },
    "negative_binomial": {
      "model": "Negative-binomial",
      "status": "completed",
      "posterior_matrix_seconds": 0.004008292002254166,
      "summary_seconds": 0.00895137500265264,
      "sampling_seconds": 0.01420045800114167,
      "total_abundance_seconds": 0.014120040999841876,
      "posterior_matrix_shape": [
        500,
        101
      ],
      "row_sum_max_error": 2.220446049250313e-16,
      "summary_rows": 500,
      "samples_shape": [
        1000,
        500
      ],
      "total_mean": 778.204,
      "total_lower": 751.0,
      "total_upper": 808.0
    },
    "zero_inflated_poisson": {
      "model": "Zero-inflated Poisson",
      "status": "completed",
      "posterior_matrix_seconds": 0.0027362079999875277,
      "summary_seconds": 0.005718167001759866,
      "sampling_seconds": 0.012789374999556458,
      "total_abundance_seconds": 0.012825957997847581,
      "posterior_matrix_shape": [
        500,
        101
      ],
      "row_sum_max_error": 3.3306690738754696e-16,
      "summary_rows": 500,
      "samples_shape": [
        1000,
        500
      ],
      "total_mean": 587.509,
      "total_lower": 567.0,
      "total_upper": 609.0
    }
  }
}
